City_ID,City,Country,Date,Lat,Lng,Max Temp,Humidity,Cloudiness,Wind Speed
0,Cuamba,MZ,2022-01-17 21:37:13,-14.8031,36.5372,69.03,92,99,1.97
1,Albany,US,2022-01-17 21:32:32,42.6001,-73.9662,36.63,83,99,6.69
2,Teya,RU,2022-01-17 21:37:13,60.3778,92.6267,22.32,86,100,10.98
3,Clyde River,CA,2022-01-17 21:37:14,70.4692,-68.5914,-19.97,76,20,11.5
4,Kapaa,US,2022-01-17 21:35:05,22.0752,-159.319,77.47,74,40,1.01
5,Kavieng,PG,2022-01-17 21:37:14,-2.5744,150.7967,81.36,76,99,1.57
6,Westport,US,2022-01-17 21:35:13,41.1415,-73.3579,38.08,76,100,1.99
7,Berdigestyakh,RU,2022-01-17 21:37:15,62.0989,126.6992,-40.25,100,62,1.63
8,Palmer,US,2022-01-17 21:34:47,42.1584,-72.3287,37.92,75,100,5.99
9,San Cristobal,VE,2022-01-17 21:36:09,7.7669,-72.225,78.98,59,100,2.37
10,Mataura,NZ,2022-01-17 21:36:15,-46.1927,168.8643,72.48,53,95,2.17
11,Hay River,CA,2022-01-17 21:36:36,60.8156,-115.7999,-11.22,70,75,8.05
12,Saint George,US,2022-01-17 21:37:15,37.1041,-113.5841,59.47,35,20,1.99
13,College,US,2022-01-17 21:37:16,64.8569,-147.8028,5.79,81,75,0.0
14,Karaton,ID,2022-01-17 21:37:16,-6.3424,106.1045,80.96,93,87,3.02
15,Severo-Kurilsk,RU,2022-01-17 21:34:56,50.6789,156.125,23.7,70,100,5.59
16,Atuona,PF,2022-01-17 21:34:54,-9.8,-139.0333,78.91,73,81,23.11
17,Punta Arenas,CL,2022-01-17 21:36:12,-53.15,-70.9167,51.91,54,75,24.16
18,Ponta Do Sol,PT,2022-01-17 21:37:17,32.6667,-17.1,66.0,92,100,16.55
19,Vestmannaeyjar,IS,2022-01-17 21:37:17,63.4427,-20.2734,46.02,90,100,24.74
20,Cedral,MX,2022-01-17 21:37:17,23.8,-100.7333,70.3,17,22,3.53
21,Nikolskoye,RU,2022-01-17 21:35:02,59.7035,30.7861,25.88,81,99,12.35
22,Srednekolymsk,RU,2022-01-17 21:37:18,67.45,153.6833,-45.98,100,59,4.34
23,Gairatganj,IN,2022-01-17 21:37:18,23.4202,78.2385,53.15,55,0,3.42
24,Hambantota,LK,2022-01-17 21:37:18,6.1241,81.1185,75.54,94,20,8.05
25,Eagle Pass,US,2022-01-17 21:36:31,28.7091,-100.4995,76.24,27,0,6.91
26,Avarua,CK,2022-01-17 21:34:54,-21.2078,-159.775,80.65,83,100,16.11
27,Victoria,HK,2022-01-17 21:35:18,22.2855,114.1577,62.33,91,98,7.0
28,Luwuk,ID,2022-01-17 21:37:19,-0.9516,122.7875,77.04,81,100,2.8
29,Port Elizabeth,ZA,2022-01-17 21:36:10,-33.918,25.5701,74.1,94,100,6.91
30,Nanortalik,GL,2022-01-17 21:37:19,60.1432,-45.2371,21.6,66,90,16.4
31,Isiro,CD,2022-01-17 21:37:19,2.7739,27.616,65.98,93,99,1.41
32,Gillette,US,2022-01-17 21:37:19,44.2911,-105.5022,53.02,30,0,7.0
33,Kaitangata,NZ,2022-01-17 21:36:08,-46.2817,169.8464,66.92,82,59,2.71
34,Puerto Ayora,EC,2022-01-17 21:37:20,-0.7393,-90.3518,80.56,74,75,10.09
35,Bonavista,CA,2022-01-17 21:36:15,48.6499,-53.1147,25.12,66,50,11.21
36,Rock Sound,BS,2022-01-17 21:37:20,24.9,-76.2,72.9,58,95,23.64
37,Klaksvik,FO,2022-01-17 21:37:20,62.2266,-6.589,45.52,86,100,26.08
38,Bluff,NZ,2022-01-17 21:34:56,-46.6,168.3333,72.81,69,92,1.28
39,Carnarvon,AU,2022-01-17 21:34:53,-24.8667,113.6333,77.07,73,0,9.22
40,Urucara,BR,2022-01-17 21:37:21,-2.5364,-57.76,76.5,94,100,0.6
41,Ushuaia,AR,2022-01-17 21:35:06,-54.8,-68.3,49.62,61,75,25.32
42,Airai,TL,2022-01-17 21:37:21,-8.9266,125.4092,61.02,95,100,2.01
43,Ribeira Grande,PT,2022-01-17 21:37:21,38.5167,-28.7,55.8,88,75,6.91
44,Rikitea,PF,2022-01-17 21:34:59,-23.1203,-134.9692,77.77,69,87,11.79
45,Parainen,FI,2022-01-17 21:38:22,60.3067,22.301,30.88,70,43,13.65
46,Hobart,AU,2022-01-17 21:38:22,-42.8794,147.3294,63.1,66,75,6.91
47,Ancud,CL,2022-01-17 21:38:22,-41.8697,-73.8203,58.53,67,47,12.08
48,Butaritari,KI,2022-01-17 21:38:23,3.0707,172.7902,82.54,78,92,15.77
49,Giresun,TR,2022-01-17 21:38:23,40.5,38.5,7.92,95,96,10.2
50,Hermanus,ZA,2022-01-17 21:38:23,-34.4187,19.2345,70.81,69,22,3.22
51,Kang,BW,2022-01-17 21:38:23,-23.6752,22.7876,76.84,55,97,5.64
52,Ilulissat,GL,2022-01-17 21:38:24,69.2167,-51.1,8.62,56,75,16.11
53,Karratha,AU,2022-01-17 21:38:24,-20.7377,116.8463,81.09,72,82,2.51
54,Zhigansk,RU,2022-01-17 21:38:24,66.7697,123.3711,-40.13,99,89,10.36
55,Vila Franca Do Campo,PT,2022-01-17 21:38:25,37.7167,-25.4333,66.2,93,97,15.3
56,Bambous Virieux,MU,2022-01-17 21:38:25,-20.3428,57.7575,80.22,89,40,0.0
57,Barrow,US,2022-01-17 21:35:01,71.2906,-156.7887,-16.58,69,100,0.0
58,Hastings,GB,2022-01-17 21:35:59,50.8552,0.5729,43.52,78,0,1.99
59,Petropavlovsk-Kamchatskiy,RU,2022-01-17 21:38:25,53.0452,158.6483,19.99,53,75,17.9
60,Bandarbeyla,SO,2022-01-17 21:38:26,9.4942,50.8122,76.39,76,100,14.29
61,Upernavik,GL,2022-01-17 21:38:26,72.7868,-56.1549,-2.06,92,100,15.1
62,Jalu,LY,2022-01-17 21:38:26,29.0331,21.5482,48.76,54,0,3.83
63,Cape Town,ZA,2022-01-17 21:34:04,-33.9258,18.4232,69.1,81,0,8.05
64,Tual,ID,2022-01-17 21:38:26,-5.6667,132.75,83.23,77,100,20.78
65,Bredasdorp,ZA,2022-01-17 21:38:27,-34.5322,20.0403,70.29,75,45,3.6
66,Songjianghe,CN,2022-01-17 21:38:27,42.1859,127.479,-11.16,96,14,3.49
67,Jamestown,US,2022-01-17 21:37:24,42.097,-79.2353,26.19,71,100,8.01
68,Barra Do Garcas,BR,2022-01-17 21:38:27,-15.89,-52.2567,79.02,79,35,5.39
69,Vila Do Maio,CV,2022-01-17 21:38:28,15.1333,-23.2167,72.39,71,0,12.77
70,Socol,RO,2022-01-17 21:38:28,44.8608,21.3703,38.17,80,99,1.99
71,Ouadda,CF,2022-01-17 21:38:28,8.0777,22.4007,71.53,25,73,3.29
72,Pag,HR,2022-01-17 21:38:28,44.445,15.0575,32.58,66,47,6.91
73,Lorengau,PG,2022-01-17 21:38:29,-2.0226,147.2712,81.84,82,100,8.57
74,Itaueira,BR,2022-01-17 21:38:29,-7.6033,-43.0256,77.74,70,33,3.6
75,Khatanga,RU,2022-01-17 21:34:59,71.9667,102.5,-10.75,91,58,9.24
76,Mwinilunga,ZM,2022-01-17 21:38:29,-11.7358,24.4293,62.91,96,100,2.75
77,Yellowknife,CA,2022-01-17 21:36:36,62.456,-114.3525,-20.7,75,20,8.05
78,Yerbogachen,RU,2022-01-17 21:38:30,61.2767,108.0108,-14.15,89,69,4.72
79,Pitimbu,BR,2022-01-17 21:38:30,-7.4706,-34.8086,81.19,68,70,11.25
80,Tiksi,RU,2022-01-17 21:38:30,71.6872,128.8694,-23.33,97,44,7.94
81,Lata,PT,2022-01-17 21:38:30,40.1629,-8.3327,52.81,72,81,3.71
82,Bengkulu,ID,2022-01-17 21:38:31,-3.8004,102.2655,74.73,91,71,4.81
83,Chokurdakh,RU,2022-01-17 21:38:31,70.6333,147.9167,-44.16,100,83,5.77
84,Dalbandin,PK,2022-01-17 21:38:31,28.8947,64.4101,57.51,71,0,3.67
85,Atambua,ID,2022-01-17 21:38:32,-9.1061,124.8925,73.17,92,100,2.8
86,Cabo San Lucas,MX,2022-01-17 21:37:01,22.8909,-109.9124,87.1,50,20,8.05
87,Qaanaaq,GL,2022-01-17 21:38:32,77.484,-69.3632,-15.88,58,39,8.32
88,Reconquista,AR,2022-01-17 21:38:32,-29.15,-59.65,108.36,17,13,12.77
89,Tasiilaq,GL,2022-01-17 21:36:18,65.6145,-37.6368,12.36,90,72,8.03
90,Jibuti,DJ,2022-01-17 21:38:33,11.5,42.5,72.82,75,45,12.55
91,Mount Gambier,AU,2022-01-17 21:38:33,-37.8333,140.7667,57.11,77,100,6.91
92,Puerto Lleras,CO,2022-01-17 21:39:33,3.0223,-73.4044,86.36,48,99,6.51
93,Pilar,BR,2022-01-17 21:39:34,-9.5972,-35.9567,82.33,73,2,5.17
94,Cherskiy,RU,2022-01-17 21:39:34,68.75,161.3,-45.9,100,57,3.36
95,Minakuchi,JP,2022-01-17 21:39:34,34.9667,136.1667,37.2,91,76,9.28
96,Guerrero Negro,MX,2022-01-17 21:39:34,27.9769,-114.0611,69.91,59,10,12.03
97,Tuktoyaktuk,CA,2022-01-17 21:39:35,69.4541,-133.0374,-29.2,75,40,5.75
98,Nome,US,2022-01-17 21:39:35,64.5011,-165.4064,-11.13,70,0,3.44
99,Busselton,AU,2022-01-17 21:39:35,-33.65,115.3333,65.05,67,15,12.03
100,Cardoso,BR,2022-01-17 21:39:35,-20.0819,-49.9142,77.67,67,61,6.69
101,East London,ZA,2022-01-17 21:34:57,-33.0153,27.9116,72.97,90,1,12.77
102,Gerash,IR,2022-01-17 21:39:36,27.6652,54.1371,57.34,83,89,2.3
103,Severodvinsk,RU,2022-01-17 21:39:36,64.5635,39.8302,21.31,97,83,5.77
104,Nosy Varika,MG,2022-01-17 21:39:36,-20.5833,48.5333,73.65,93,100,1.41
105,Beloha,MG,2022-01-17 21:39:37,-25.1667,45.05,70.72,81,99,9.66
106,Grindavik,IS,2022-01-17 21:39:37,63.8424,-22.4338,43.9,93,100,21.85
107,Ulaangom,MN,2022-01-17 21:39:37,49.9811,92.0667,-5.42,95,100,2.08
108,Kangaatsiaq,GL,2022-01-17 21:39:37,68.3065,-53.4641,4.93,93,100,10.67
109,Vaini,TO,2022-01-17 21:39:38,-21.2,-175.2,81.16,85,57,18.21
110,Armizonskoye,RU,2022-01-17 21:39:38,55.9461,67.6736,3.45,92,21,14.7
111,Seryshevo,RU,2022-01-17 21:39:38,51.0933,128.3786,-21.26,98,55,4.63
112,Kudahuvadhoo,MV,2022-01-17 21:39:38,2.6708,72.8944,81.77,78,92,20.36
113,Port Alfred,ZA,2022-01-17 21:39:39,-33.5906,26.891,71.96,94,9,13.02
114,New Norfolk,AU,2022-01-17 21:39:39,-42.7826,147.0587,62.74,57,88,2.59
115,Tangier,MA,2022-01-17 21:39:39,35.7806,-5.8137,56.46,71,0,17.27
116,Sosnogorsk,RU,2022-01-17 21:39:40,63.6023,53.8817,12.87,95,100,5.93
117,Impfondo,CG,2022-01-17 21:39:40,1.6381,18.0667,72.66,85,100,2.84
118,Port Hueneme,US,2022-01-17 21:39:40,34.1478,-119.1951,67.95,69,75,10.36
119,Qui Nhon,VN,2022-01-17 21:39:40,13.7667,109.2333,69.58,89,74,9.86
120,Kununurra,AU,2022-01-17 21:36:50,-15.7667,128.7333,78.78,94,100,1.14
121,Kodiak,US,2022-01-17 21:39:41,57.79,-152.4072,26.11,74,0,0.0
122,North Bend,US,2022-01-17 21:39:41,43.4065,-124.2243,50.07,93,100,4.61
123,Novoagansk,RU,2022-01-17 21:39:41,61.9449,76.6625,7.07,90,100,18.68
124,Constitucion,CL,2022-01-17 21:39:42,-35.3333,-72.4167,60.91,51,1,22.97
125,Saskylakh,RU,2022-01-17 21:39:42,71.9167,114.0833,-11.2,93,89,15.77
126,Hilo,US,2022-01-17 21:39:42,19.7297,-155.09,81.25,67,20,9.22
127,Borovskoy,KZ,2022-01-17 21:39:43,53.8,64.15,7.03,91,10,14.38
128,Daru,PG,2022-01-17 21:39:43,-9.0763,143.2092,79.34,85,99,5.17
129,Anito,PH,2022-01-17 21:39:43,12.4497,125.2886,75.54,87,99,11.43
130,San Nicolas,PH,2022-01-17 21:39:44,18.1725,120.5953,66.11,94,40,4.61
131,Valparaiso,CL,2022-01-17 21:39:44,-33.0393,-71.6273,73.04,36,0,18.41
132,Naihati,IN,2022-01-17 21:39:44,22.9028,88.4169,58.89,61,0,7.61
133,Hami,CN,2022-01-17 21:39:44,42.8,93.45,25.43,46,0,5.19
134,Sibolga,ID,2022-01-17 21:39:45,1.7427,98.7792,75.36,89,98,3.76
135,Imbituba,BR,2022-01-17 21:37:14,-28.24,-48.6703,84.09,92,61,3.09
136,Arraial Do Cabo,BR,2022-01-17 21:39:45,-22.9661,-42.0278,80.56,74,0,13.8
137,Mount Pleasant,US,2022-01-17 21:39:45,32.7941,-79.8626,51.94,50,20,4.0
138,Puerto Quijarro,BO,2022-01-17 21:40:46,-17.7833,-57.7667,92.25,38,51,5.75
139,Cidreira,BR,2022-01-17 21:40:46,-30.1811,-50.2056,79.74,80,58,11.45
140,Egvekinot,RU,2022-01-17 21:40:46,66.3167,-179.1667,-17.32,78,0,10.07
141,Itarema,BR,2022-01-17 21:40:46,-2.9248,-39.9167,80.82,77,54,15.41
142,Xiuyan,CN,2022-01-17 21:40:47,40.2928,123.2744,9.34,59,80,0.83
143,Norden,DE,2022-01-17 21:40:47,53.6,7.2,44.96,97,34,13.27
144,Leningradskiy,RU,2022-01-17 21:40:47,69.3833,178.4167,-24.45,89,8,5.14
145,Lebu,CL,2022-01-17 21:40:48,-37.6167,-73.65,57.18,53,1,18.03
146,Provideniya,RU,2022-01-17 21:40:48,64.3833,-173.3,-3.89,65,0,11.18
147,Puerto Escondido,MX,2022-01-17 21:40:48,15.85,-97.0667,83.23,65,20,4.61
148,Dikson,RU,2022-01-17 21:40:48,73.5069,80.5464,5.29,88,100,10.13
149,Solnechnyy,RU,2022-01-17 21:40:49,50.7214,136.6319,2.41,88,99,9.64
150,Chuy,UY,2022-01-17 21:40:49,-33.6971,-53.4616,72.64,95,100,9.78
151,Kloulklubed,PW,2022-01-17 21:40:49,7.0419,134.2556,77.5,79,100,10.63
152,Sarangani,PH,2022-01-17 21:40:50,5.4033,125.4636,80.58,76,99,17.4
153,Saldanha,ZA,2022-01-17 21:37:14,-33.0117,17.9442,68.05,94,27,9.01
154,Ha Tinh,VN,2022-01-17 21:40:50,18.3333,105.9,59.4,88,100,7.54
155,Laukaa,RU,2022-01-17 21:40:50,58.7372,29.8453,22.15,73,99,13.33
156,Sakakah,SA,2022-01-17 21:40:50,29.9697,40.2064,40.57,43,41,8.46
157,Kamenka,RU,2022-01-17 21:40:51,51.3223,42.7678,31.75,97,100,18.37
158,Bucerias,MX,2022-01-17 21:36:55,20.75,-105.3333,78.78,73,0,11.5
159,Newala,TZ,2022-01-17 21:40:51,-10.9431,39.2787,67.39,88,100,1.1
160,Norman Wells,CA,2022-01-17 21:40:51,65.282,-126.8329,-36.36,61,20,3.44
161,Surt,LY,2022-01-17 21:40:52,31.2089,16.5887,57.45,72,90,5.3
162,Melito Di Porto Salvo,IT,2022-01-17 21:40:52,37.9222,15.7714,55.9,67,75,6.91
163,Rocha,UY,2022-01-17 21:40:52,-34.4833,-54.3333,69.69,92,100,11.77
164,Narsaq,GL,2022-01-17 21:40:52,60.9167,-46.05,26.82,93,89,3.04
165,Svetlyy,RU,2022-01-17 21:40:53,54.675,20.1347,35.96,67,8,17.92
166,Bathsheba,BB,2022-01-17 21:40:53,13.2167,-59.5167,81.21,65,40,18.41
167,Corinto,GR,2022-01-17 21:40:53,37.9407,22.9573,52.68,79,12,5.82
168,Bethel,US,2022-01-17 21:40:54,41.3712,-73.414,36.68,86,100,1.99
169,Fairbanks,US,2022-01-17 21:38:04,64.8378,-147.7164,5.81,80,0,0.0
170,Kropotkin,RU,2022-01-17 21:40:54,45.4375,40.5756,27.88,88,100,9.28
171,Richards Bay,ZA,2022-01-17 21:40:54,-28.783,32.0377,71.44,87,1,2.93
172,Kirakira,SB,2022-01-17 21:40:55,-10.4544,161.9205,84.2,76,61,4.36
173,Marsh Harbour,BS,2022-01-17 21:40:55,26.5412,-77.0636,69.51,58,16,22.28
174,Faya,SA,2022-01-17 21:40:55,18.3851,42.4509,59.11,80,76,6.13
175,Mizdah,LY,2022-01-17 21:40:55,31.4451,12.9801,47.48,80,71,5.82
176,Namatanai,PG,2022-01-17 21:40:56,-3.6667,152.4333,82.0,78,97,3.65
177,Naqadeh,IR,2022-01-17 21:40:56,36.9553,45.388,8.08,85,38,5.5
178,Kruisfontein,ZA,2022-01-17 21:40:56,-34.0033,24.7314,71.89,95,12,6.55
179,Krasnyy Chikoy,RU,2022-01-17 21:40:56,50.3643,108.7512,-1.3,100,98,0.63
180,Oussouye,SN,2022-01-17 21:40:57,12.485,-16.5469,78.98,75,0,8.01
181,Shingu,JP,2022-01-17 21:40:57,33.7333,135.9833,40.91,76,56,8.84
182,Verkh-Suetka,RU,2022-01-17 21:40:57,53.3,80.05,6.69,95,49,7.58
183,Axim,GH,2022-01-17 21:40:57,4.8699,-2.2405,80.04,81,67,8.77
184,Tazovskiy,RU,2022-01-17 21:41:58,67.4667,78.7,10.31,90,97,14.92
185,Novocheremshansk,RU,2022-01-17 21:41:58,54.3571,50.1666,18.75,90,100,16.6
186,Namibe,AO,2022-01-17 21:41:58,-15.1961,12.1522,69.03,80,29,5.53
187,Tateyama,JP,2022-01-17 21:41:59,34.9833,139.8667,42.73,39,75,17.27
188,Benghazi,LY,2022-01-17 21:41:59,32.1167,20.0667,56.93,65,1,8.37
189,Iqaluit,CA,2022-01-17 21:41:59,63.7506,-68.5145,2.93,78,100,12.66
190,Calabozo,VE,2022-01-17 21:42:00,8.9242,-67.4293,90.37,39,71,4.83
191,Progreso,MX,2022-01-17 21:42:00,21.2833,-89.6667,78.91,51,43,6.69
192,Inta,RU,2022-01-17 21:42:00,66.0317,60.1659,-14.93,99,37,2.21
193,Rawson,AR,2022-01-17 21:42:00,-43.3002,-65.1023,57.54,48,85,18.34
194,Anchorage,US,2022-01-17 21:39:40,61.2181,-149.9003,18.68,88,40,0.0
195,Itupiranga,BR,2022-01-17 21:42:01,-5.1347,-49.3267,82.72,93,74,3.51
196,Portland,US,2022-01-17 21:39:43,45.5234,-122.6762,54.84,86,100,3.0
197,Hammond,US,2022-01-17 21:42:01,41.5834,-87.5,28.98,71,100,5.99
198,Yuci,CN,2022-01-17 21:42:01,37.6803,112.7319,25.16,26,0,1.32
199,Sao Filipe,CV,2022-01-17 21:42:02,14.8961,-24.4956,72.57,74,7,9.8
200,Vardo,NO,2022-01-17 21:42:02,70.3705,31.1107,26.58,68,75,35.68
201,Taoudenni,ML,2022-01-17 21:42:02,22.6783,-3.9836,60.58,19,7,14.16
202,Mahebourg,MU,2022-01-17 21:42:02,-20.4081,57.7,80.26,89,40,0.0
203,Maniitsoq,GL,2022-01-17 21:42:03,65.4167,-52.9,8.44,85,96,5.26
204,Sambava,MG,2022-01-17 21:42:03,-14.2667,50.1667,75.52,87,98,5.64
205,Tezu,IN,2022-01-17 21:42:03,27.9167,96.1667,53.87,46,2,5.08
206,Moundou,TD,2022-01-17 21:42:04,8.5667,16.0833,73.0,21,11,7.38
207,Price,US,2022-01-17 21:42:04,39.5994,-110.8107,40.12,55,0,4.61
208,Georgetown,MY,2022-01-17 21:42:04,5.4112,100.3354,80.53,72,20,8.01
209,Lagoa,PT,2022-01-17 21:42:04,39.05,-27.9833,58.24,87,100,4.63
210,Basar,IN,2022-01-17 21:42:05,27.9833,94.6667,41.0,59,0,3.09
211,Waipawa,NZ,2022-01-17 21:42:05,-41.4122,175.5153,66.45,57,4,6.26
212,Castro,BR,2022-01-17 21:42:05,-24.7911,-50.0119,68.2,91,32,3.53
213,Pacific Grove,US,2022-01-17 21:42:05,36.6177,-121.9166,65.77,78,75,1.99
214,Southbridge,US,2022-01-17 21:42:06,42.0751,-72.0334,38.08,90,100,1.99
215,Ishigaki,JP,2022-01-17 21:42:06,24.3448,124.1572,64.53,94,75,25.32
216,Warri,NG,2022-01-17 21:42:06,5.5167,5.75,79.84,78,42,3.56
217,Yulara,AU,2022-01-17 21:42:07,-25.2406,130.9889,67.84,100,100,0.0
218,Lenger,KZ,2022-01-17 21:42:07,42.183,69.8839,35.04,93,97,1.63
219,Khani,GE,2022-01-17 21:42:07,41.9563,42.9566,22.57,78,16,8.43
220,Russell,US,2022-01-17 21:42:08,32.3502,-85.1999,40.6,74,100,11.5
221,Vao,NC,2022-01-17 21:42:08,-22.6667,167.4833,76.5,69,93,16.69
222,Esperance,AU,2022-01-17 21:42:08,-33.8667,121.9,53.44,79,23,12.08
223,Beringovskiy,RU,2022-01-17 21:42:09,63.05,179.3167,-16.42,91,79,14.81
224,Broome,US,2022-01-17 21:42:09,42.2506,-75.833,31.17,87,100,5.99
225,Nokaneng,BW,2022-01-17 21:42:09,-19.6667,22.2667,73.2,73,100,6.71
226,Papara,BR,2022-01-17 21:42:10,-3.9839,-38.7273,81.0,85,30,3.4
227,Astoria,US,2022-01-17 21:42:10,46.1879,-123.8313,52.63,91,75,1.99
228,Soyo,AO,2022-01-17 21:43:10,-6.1349,12.3689,77.56,79,71,6.06
229,Makurdi,NG,2022-01-17 21:43:11,7.7411,8.5121,80.13,21,61,3.11
230,Mar Del Plata,AR,2022-01-17 21:42:18,-38.0023,-57.5575,65.08,60,0,7.0
231,Sivas,TR,2022-01-17 21:43:11,39.7916,37.0019,12.83,79,0,11.5
232,Inhambane,MZ,2022-01-17 21:43:11,-23.865,35.3833,76.62,70,53,11.43
233,Saint Anthony,US,2022-01-17 21:43:11,45.0205,-93.218,31.24,75,100,1.99
234,Alyangula,AU,2022-01-17 21:43:12,-13.8483,136.4192,76.87,100,100,0.0
235,Veraval,IN,2022-01-17 21:43:12,20.9,70.3667,69.57,51,0,10.0
236,North Platte,US,2022-01-17 21:43:12,41.1239,-100.7654,61.12,30,0,3.0
237,Calera,US,2022-01-17 21:43:13,33.1029,-86.7536,44.47,72,74,7.0
238,Uruzgan,AF,2022-01-17 21:43:13,32.8333,66.0,38.59,88,100,6.17
239,Rio Gallegos,AR,2022-01-17 21:43:13,-51.6226,-69.2181,60.85,27,20,19.57
240,Talnakh,RU,2022-01-17 21:43:13,69.4865,88.3972,13.21,94,97,10.54
241,Port Augusta,AU,2022-01-17 21:43:14,-32.5,137.7667,66.34,74,100,9.86
242,Nemuro,JP,2022-01-17 21:43:14,43.3236,145.575,30.0,88,100,19.28
243,Naze,JP,2022-01-17 21:43:14,28.3667,129.4833,56.19,59,100,16.4
244,Serra Talhada,BR,2022-01-17 21:43:14,-7.9919,-38.2983,80.11,57,91,7.54
245,Rio Grande,BR,2022-01-17 21:43:15,-32.035,-52.0986,82.51,89,63,7.72
246,Kulhudhuffushi,MV,2022-01-17 21:43:15,6.6221,73.07,81.25,75,96,12.5
247,Birao,CF,2022-01-17 21:43:15,10.2849,22.7882,71.11,25,6,3.53
248,Isangel,VU,2022-01-17 21:43:15,-19.55,169.2667,80.71,74,20,4.61
249,Faanui,PF,2022-01-17 21:43:16,-16.4833,-151.75,78.17,87,100,21.23
250,Nyurba,RU,2022-01-17 21:43:16,63.2842,118.3319,-40.45,100,53,2.28
251,Salalah,OM,2022-01-17 21:43:16,17.0151,54.0924,75.29,69,40,2.3
252,Belaya Gora,RU,2022-01-17 21:43:17,68.5333,146.4167,-48.21,100,77,3.22
253,Vershino-Shakhtaminskiy,RU,2022-01-17 21:43:17,51.3012,117.8868,-27.08,98,10,1.81
254,Pecos,US,2022-01-17 21:41:04,31.4229,-103.4932,72.3,10,0,4.61
255,Necochea,AR,2022-01-17 21:43:17,-38.5473,-58.7368,65.03,61,91,16.98
256,Alice Springs,AU,2022-01-17 21:43:18,-23.7,133.8833,76.21,86,26,9.22
257,Krasnoselkup,RU,2022-01-17 21:43:18,65.7,82.4667,12.47,92,100,22.75
258,Pakxe,LA,2022-01-17 21:43:18,15.1167,105.7833,65.07,88,57,3.18
259,Owase,JP,2022-01-17 21:43:18,34.0667,136.2,38.75,68,36,11.12
260,Las Cruces,US,2022-01-17 21:43:19,32.3123,-106.7783,64.13,21,76,3.0
261,Oranjemund,NA,2022-01-17 21:43:19,-28.55,16.4333,67.41,85,8,5.06
262,Fort Nelson,CA,2022-01-17 21:43:19,58.8053,-122.7002,-4.41,59,75,10.36
263,Moose Factory,CA,2022-01-17 21:43:19,51.2585,-80.6094,-0.4,60,75,5.75
264,Batemans Bay,AU,2022-01-17 21:43:20,-35.7167,150.1833,73.2,93,100,6.76
265,Villa Carlos Paz,AR,2022-01-17 21:43:20,-31.4241,-64.4978,77.4,65,67,10.71
266,Fortuna,US,2022-01-17 21:43:20,40.5982,-124.1573,55.92,81,0,5.99
267,Hamina,FI,2022-01-17 21:43:21,60.5697,27.1979,24.08,68,6,19.71
268,Hithadhoo,MV,2022-01-17 21:43:21,-0.6,73.0833,83.46,77,100,20.6
269,Port Hardy,CA,2022-01-17 21:43:21,50.6996,-127.4199,46.58,87,75,6.91
270,Coruripe,BR,2022-01-17 21:43:06,-10.1256,-36.1756,78.4,73,0,8.25
271,Tazmalt,DZ,2022-01-17 21:43:21,36.3868,4.3989,42.91,79,1,0.87
272,Olinda,BR,2022-01-17 21:43:22,-8.0089,-34.8553,82.13,69,40,11.5
273,Iquique,CL,2022-01-17 21:43:22,-20.2208,-70.1431,73.44,76,11,7.87
274,Ilhabela,BR,2022-01-17 21:44:22,-23.7781,-45.3581,78.8,83,32,4.72
275,Dunedin,NZ,2022-01-17 21:44:23,-45.8742,170.5036,68.72,69,13,4.41
276,Komsomolskiy,UZ,2022-01-17 21:44:23,40.4272,71.7189,42.22,93,100,2.3
277,Tura,IN,2022-01-17 21:44:23,25.5198,90.2201,56.44,60,86,3.69
278,Carbonia,IT,2022-01-17 21:44:23,39.1672,8.5222,48.99,76,84,8.52
279,Cubarral,CO,2022-01-17 21:44:24,3.7935,-73.8406,83.23,55,95,1.36
280,Sao Joao Da Barra,BR,2022-01-17 21:40:23,-21.6403,-41.0511,82.49,84,0,14.23
281,Ola,RU,2022-01-17 21:44:24,59.5833,151.2833,-5.31,76,0,9.42
282,La Palma,US,2022-01-17 21:41:52,33.8464,-118.0467,67.06,72,100,4.0
283,Turukhansk,RU,2022-01-17 21:44:24,65.8167,87.9833,16.77,92,100,16.4
284,Shirokiy,RU,2022-01-17 21:44:24,49.758,129.523,-19.5,99,83,5.55
285,Kichera,RU,2022-01-17 21:44:25,55.9375,110.0997,-6.36,91,64,4.54
286,Vallenar,CL,2022-01-17 21:44:25,-28.5708,-70.7581,80.91,34,0,8.19
287,Yokadouma,CM,2022-01-17 21:44:25,3.5167,15.05,76.46,55,94,3.13
288,Dzilam Gonzalez,MX,2022-01-17 21:44:26,21.2833,-88.9333,72.68,51,61,5.06
289,Coban,GT,2022-01-17 21:44:26,15.4833,-90.3667,58.78,82,100,4.61
290,Andra,RU,2022-01-17 21:44:26,62.5147,65.8878,-12.96,99,51,4.32
291,Sertanopolis,BR,2022-01-17 21:44:26,-23.0586,-51.0364,86.07,92,98,2.8
292,Katsuura,JP,2022-01-17 21:44:27,35.1333,140.3,42.82,47,88,17.47
293,Lipno,PL,2022-01-17 21:44:27,52.8444,19.1785,30.09,74,6,12.68
294,Kenai,US,2022-01-17 21:44:27,60.5544,-151.2583,20.03,93,100,10.36
295,Geraldton,AU,2022-01-17 21:44:27,-28.7667,114.6,79.12,78,0,5.75
296,Zhuhai,CN,2022-01-17 21:44:28,22.2769,113.5678,61.7,82,20,13.8
297,Gravdal,NO,2022-01-17 21:44:28,68.1214,13.5031,30.09,64,75,12.66
298,Arman,RU,2022-01-17 21:44:28,59.7,150.1667,-4.74,75,0,9.04
299,Bellevue,US,2022-01-17 21:41:46,47.6104,-122.2007,51.85,83,20,1.99
300,Kalat,PK,2022-01-17 21:44:23,29.0225,66.5916,43.34,87,65,7.56
301,Saint-Philippe,RE,2022-01-17 21:44:28,-21.3585,55.7679,78.39,86,96,2.3
302,Sitka,US,2022-01-17 21:44:29,57.0531,-135.33,35.49,75,20,5.75
303,Half Moon Bay,US,2022-01-17 21:44:29,37.4636,-122.4286,66.11,65,100,1.01
304,Lasa,IT,2022-01-17 21:44:29,46.6166,10.7002,46.31,81,25,8.43
305,Saint-Pierre,RE,2022-01-17 21:44:30,-21.3393,55.4781,78.48,82,0,4.61
306,Goderich,CA,2022-01-17 21:44:30,43.7501,-81.7165,30.9,74,100,20.71
307,Fougamou,GA,2022-01-17 21:44:30,-1.2154,10.5838,74.12,95,56,0.49
308,Verkhnevilyuysk,RU,2022-01-17 21:44:30,63.4453,120.3167,-40.54,100,49,2.64
309,Torbay,CA,2022-01-17 21:44:31,47.6666,-52.7314,27.57,77,40,6.91
310,Dawlatabad,AF,2022-01-17 21:44:31,36.4141,64.9053,51.96,75,62,5.28
311,Tautira,PF,2022-01-17 21:44:31,-17.7333,-149.15,82.42,79,100,22.21
312,Warrington,GB,2022-01-17 21:44:31,53.3925,-2.5802,37.8,93,3,6.91
313,Pevek,RU,2022-01-17 21:44:32,69.7008,170.3133,-31.14,99,22,5.28
314,Pisco,PE,2022-01-17 21:44:32,-13.7,-76.2167,78.85,61,13,20.71
315,Charters Towers,AU,2022-01-17 21:44:33,-20.1,146.2667,82.4,62,91,13.27
316,Plettenberg Bay,ZA,2022-01-17 21:44:33,-34.0527,23.3716,69.4,85,23,4.99
317,Chalus,IR,2022-01-17 21:44:33,36.655,51.4204,38.66,93,100,4.61
318,Aba,NG,2022-01-17 21:44:34,5.1066,7.3667,77.77,79,81,4.74
319,Vostok,RU,2022-01-17 21:44:34,46.4856,135.8833,-14.35,100,100,2.77
320,Hovd,MN,2022-01-17 21:44:34,48.0056,91.6419,6.17,76,100,1.86
321,Dubbo,AU,2022-01-17 21:44:35,-32.25,148.6167,71.73,88,100,5.75
322,Neiafu,TO,2022-01-17 21:44:35,-18.65,-173.9833,81.32,79,100,8.21
323,Haines Junction,CA,2022-01-17 21:44:35,60.7522,-137.5108,4.95,72,97,0.0
324,Shimoda,JP,2022-01-17 21:45:35,34.6667,138.95,35.1,51,32,27.2
325,Homer,US,2022-01-17 21:44:56,59.6425,-151.5483,28.04,81,0,3.44
326,Elizabeth City,US,2022-01-17 21:45:36,36.2946,-76.2511,43.02,58,64,8.01
327,Longyearbyen,SJ,2022-01-17 21:45:36,78.2186,15.6401,3.04,72,20,6.91
328,Jerome,US,2022-01-17 21:45:37,42.7241,-114.5186,31.05,80,0,3.44
329,Bagdarin,RU,2022-01-17 21:45:37,54.4333,113.6,-24.48,98,18,2.84
330,Sisimiut,GL,2022-01-17 21:45:37,66.9395,-53.6735,5.52,90,92,10.38
331,Ambilobe,MG,2022-01-17 21:45:37,-13.2,49.05,76.53,86,75,3.8
332,Thompson,CA,2022-01-17 21:44:26,55.7435,-97.8558,-16.44,69,75,2.3
333,Boden,SE,2022-01-17 21:45:38,65.8252,21.6886,24.8,76,10,5.75
334,Vila Velha,BR,2022-01-17 21:45:38,-20.3297,-40.2925,80.55,74,0,11.5
335,Gat,IL,2022-01-17 21:45:39,31.61,34.7642,42.4,45,0,5.26
336,Hasaki,JP,2022-01-17 21:45:39,35.7333,140.8333,28.8,49,38,25.19
337,Quballat,TN,2022-01-17 21:45:39,36.5418,9.6633,52.02,83,16,6.76
338,Urumqi,CN,2022-01-17 21:45:39,43.801,87.6005,11.35,79,38,2.24
339,Alofi,NU,2022-01-17 21:45:40,-19.0595,-169.9187,85.89,70,40,14.97
340,Sao Simao,BR,2022-01-17 21:45:40,-21.4792,-47.5508,83.43,92,77,2.73
341,Kurumkan,RU,2022-01-17 21:45:41,54.3,110.3,-8.19,96,89,3.31
342,Presidencia Roque Saenz Pena,AR,2022-01-17 21:45:41,-26.7852,-60.4388,107.4,17,16,11.61
343,Muisne,EC,2022-01-17 21:45:41,0.6,-80.0333,82.51,77,96,6.08
344,Along,IN,2022-01-17 21:45:41,28.1667,94.7667,42.42,58,3,1.92
345,Ulladulla,AU,2022-01-17 21:45:42,-35.35,150.4667,68.77,92,100,8.43
346,Quatre Cocos,MU,2022-01-17 21:45:42,-20.2078,57.7625,79.09,82,24,7.38
347,Dingle,PH,2022-01-17 21:45:42,10.9995,122.6711,70.57,86,87,7.83
348,Linguere,SN,2022-01-17 21:45:43,15.3953,-15.1193,82.62,42,0,4.61
349,Pampas,PE,2022-01-17 21:45:43,-12.4,-74.9,57.78,69,75,8.28
350,Mayumba,GA,2022-01-17 21:45:43,-3.432,10.6554,75.96,87,59,1.68
351,Bud,US,2022-01-17 21:45:43,39.447,-86.1758,28.81,79,100,12.33
352,Tuatapere,NZ,2022-01-17 21:45:44,-46.1333,167.6833,74.82,58,100,2.17
353,Champerico,GT,2022-01-17 21:45:44,14.3,-91.9167,88.34,58,2,8.66
354,Ostrovnoy,RU,2022-01-17 21:45:44,68.0531,39.5131,27.75,96,100,24.85
355,Ketchikan,US,2022-01-17 21:45:44,55.3422,-131.6461,37.87,70,0,12.66
356,Riyadh,SA,2022-01-17 21:45:45,24.6877,46.7219,60.94,68,47,6.2
357,Waingapu,ID,2022-01-17 21:45:45,-9.6567,120.2641,78.62,83,100,5.84
358,Brae,GB,2022-01-17 21:45:45,60.3964,-1.353,46.31,76,100,21.7
359,Methoni,GR,2022-01-17 21:45:46,36.8197,21.7049,52.21,72,66,19.57
360,Christchurch,NZ,2022-01-17 21:44:26,-43.5333,172.6333,77.02,65,20,1.99
361,Gandu,BR,2022-01-17 21:45:35,-13.7439,-39.4867,70.27,86,0,2.48
362,Portobelo,PA,2022-01-17 21:45:46,9.55,-79.65,86.61,77,87,11.36
363,Samarai,PG,2022-01-17 21:45:46,-10.6167,150.6667,82.31,74,100,8.99
364,Yaan,NG,2022-01-17 21:45:46,7.3833,8.5667,80.69,23,57,1.79
365,Pueblo,US,2022-01-17 21:41:19,38.2545,-104.6091,68.76,18,0,3.0
366,Aranos,NA,2022-01-17 21:45:47,-24.1333,19.1167,82.78,40,96,9.69
367,Malinyi,TZ,2022-01-17 21:45:47,-8.9333,36.1333,71.44,92,100,2.3
368,Sept-Iles,CA,2022-01-17 21:45:47,50.2001,-66.3821,23.52,79,100,10.0
369,Lugovoy,KZ,2022-01-17 21:46:48,42.9472,72.7644,37.27,96,100,2.8
370,Karasjok,NO,2022-01-17 21:46:48,69.4719,25.5112,24.91,81,64,15.66
371,Marawi,PH,2022-01-17 21:46:48,7.9986,124.2928,64.65,97,98,3.71
372,Tilichiki,RU,2022-01-17 21:46:48,60.4667,166.1,-17.48,90,6,9.4
373,Castelo Do Piaui,BR,2022-01-17 21:46:49,-5.3222,-41.5525,79.61,61,58,4.38
374,Tromso,NO,2022-01-17 21:46:49,69.6496,18.957,25.38,80,75,6.91
375,Tadpatri,IN,2022-01-17 21:46:49,14.9167,78.0167,69.3,83,75,3.51
376,Salinas,US,2022-01-17 21:46:50,36.6777,-121.6555,66.18,64,100,5.75
377,Hilton Head Island,US,2022-01-17 21:42:41,32.2163,-80.7526,53.71,53,0,14.97
378,Touros,BR,2022-01-17 21:46:50,-5.1989,-35.4608,83.3,71,80,15.12
379,Lavrentiya,RU,2022-01-17 21:46:50,65.5833,-171.0,-18.17,94,15,7.05
380,Ploemeur,FR,2022-01-17 21:46:51,47.7333,-3.4333,44.82,94,100,4.61
381,Vieques,PR,2022-01-17 21:46:51,18.425,-65.8329,82.44,74,13,10.25
382,Newport,GB,2022-01-17 21:41:59,51.5877,-2.9984,39.52,89,0,1.72
383,Camocim,BR,2022-01-17 21:46:51,-2.9022,-40.8411,79.41,84,79,14.36
384,Labuhan,ID,2022-01-17 21:46:52,-6.8844,112.2051,77.67,87,100,8.48
385,Truth Or Consequences,US,2022-01-17 21:46:52,33.1284,-107.2528,62.91,18,0,4.61
386,Bathurst,AU,2022-01-17 21:46:52,-33.4166,149.5806,66.83,97,100,0.58
387,Ansbach,DE,2022-01-17 21:46:52,49.3,10.5833,38.71,93,100,11.5
388,Olafsvik,IS,2022-01-17 21:46:53,64.8945,-23.7142,39.36,94,100,22.17
389,Rizhao,CN,2022-01-17 21:46:53,35.4275,119.4553,30.24,54,1,1.48
390,Carman,CA,2022-01-17 21:42:59,49.4992,-98.0016,13.12,85,54,9.22
391,Husavik,IS,2022-01-17 21:46:53,66.0449,-17.3389,42.71,79,100,17.34
392,Camrose,CA,2022-01-17 21:46:54,53.0168,-112.8353,33.93,79,100,9.6
393,Gamba,GA,2022-01-17 21:46:54,-2.65,10.0,75.27,88,93,2.71
394,Oksfjord,NO,2022-01-17 21:46:55,70.2396,22.3479,26.67,81,100,18.97
395,Murska Sobota,SI,2022-01-17 21:46:55,46.6625,16.1664,41.83,100,55,3.85
396,Sloboda,RU,2022-01-17 21:46:55,51.1421,40.3021,32.72,98,100,16.87
397,Yar-Sale,RU,2022-01-17 21:46:56,66.8333,70.8333,8.35,96,92,9.1
398,Xai-Xai,MZ,2022-01-17 21:46:56,-25.0519,33.6442,75.79,75,42,9.24
399,Beckley,US,2022-01-17 21:42:55,37.7782,-81.1882,24.39,95,100,7.0
400,Kavaratti,IN,2022-01-17 21:46:56,10.5669,72.642,80.28,72,77,11.23
401,Tres Arroyos,AR,2022-01-17 21:46:57,-38.3739,-60.2798,63.79,49,46,20.33
402,Goma,CD,2022-01-17 21:46:57,-1.6792,29.2228,62.02,94,100,2.57
403,Yumen,CN,2022-01-17 21:46:57,40.2833,97.2,24.75,33,0,6.8
404,Port Macquarie,AU,2022-01-17 21:46:57,-31.4333,152.9167,81.9,78,100,8.57
405,Adrar,MR,2022-01-17 21:46:58,20.5022,-10.0711,62.1,16,2,10.76
406,Dhidhdhoo,MV,2022-01-17 21:42:20,6.8833,73.1,81.3,75,100,13.18
407,Moa,CU,2022-01-17 21:46:58,20.6569,-74.9403,76.21,80,58,3.47
408,Kisangani,CD,2022-01-17 21:46:58,0.5167,25.2,69.01,94,100,1.01
409,Gornyak,RU,2022-01-17 21:46:58,50.9942,81.4661,5.76,98,73,2.59
410,Caravelas,BR,2022-01-17 21:46:59,-17.7125,-39.2481,77.38,88,19,5.53
411,Pangnirtung,CA,2022-01-17 21:46:59,66.1451,-65.7125,-4.0,71,100,2.3
412,Tutoia,BR,2022-01-17 21:46:59,-2.7619,-42.2744,78.78,88,91,9.6
413,Shipunovo,RU,2022-01-17 21:48:00,52.1582,82.2173,10.96,94,82,6.64
414,Bima,ID,2022-01-17 21:48:00,-8.4667,118.7167,75.92,92,95,1.48
415,Alta Gracia,AR,2022-01-17 21:48:00,-31.6529,-64.4283,79.56,64,69,10.27
416,Terrace,CA,2022-01-17 21:47:45,54.5163,-128.6035,41.43,75,75,3.44
417,Ust-Omchug,RU,2022-01-17 21:48:00,61.15,149.6333,-32.76,93,41,2.37
418,Gobabis,NA,2022-01-17 21:48:01,-22.45,18.9667,73.2,59,100,5.64
419,Jalgaon,IN,2022-01-17 21:48:01,21.0167,75.5667,66.88,56,1,4.99
420,Yuyao,CN,2022-01-17 21:48:02,30.05,121.1494,44.37,85,100,4.88
421,Itaituba,BR,2022-01-17 21:48:02,-4.2761,-55.9836,80.76,94,75,0.0
422,Souillac,MU,2022-01-17 21:48:02,-20.5167,57.5167,79.36,89,40,0.0
423,Honiara,SB,2022-01-17 21:48:03,-9.4333,159.95,84.06,75,97,2.24
424,Pombas,CV,2022-01-17 21:48:03,17.1503,-25.0201,71.38,63,8,6.91
425,Traralgon,AU,2022-01-17 21:48:03,-38.1833,146.5333,65.41,64,98,3.87
426,Hailar,CN,2022-01-17 21:48:04,49.2,119.7,-33.86,100,36,2.95
427,Chokwe,MZ,2022-01-17 21:48:04,-24.5333,32.9833,72.09,85,60,4.9
428,Svetlogorsk,BY,2022-01-17 21:48:04,52.6333,29.7333,26.92,79,99,24.9
429,Eirunepe,BR,2022-01-17 21:48:05,-6.6603,-69.8736,78.49,90,90,3.6
430,Isabela,PH,2022-01-17 21:48:05,6.7085,121.9711,77.05,79,100,1.79
431,Camana,PE,2022-01-17 21:48:05,-16.6228,-72.7111,74.39,78,42,8.28
432,Gagino,RU,2022-01-17 21:48:06,55.2314,45.0339,24.85,92,100,15.43
433,Port Hedland,AU,2022-01-17 21:48:06,-20.3167,118.5667,77.05,88,39,5.75
434,Coquimbo,CL,2022-01-17 21:43:16,-29.9533,-71.3436,71.33,56,0,16.11
435,Kahului,US,2022-01-17 21:48:06,20.8947,-156.47,79.86,67,20,6.91
436,Harper,LR,2022-01-17 21:48:07,4.375,-7.7169,79.7,82,77,7.16
437,Verpelet,HU,2022-01-17 21:48:07,47.85,20.2333,36.43,59,0,10.22
438,Mahenge,TZ,2022-01-17 21:48:07,-8.6833,36.7167,64.94,84,100,1.68
439,Mugur-Aksy,RU,2022-01-17 21:48:08,50.35,90.5,17.4,81,100,4.38
440,Gondar,ET,2022-01-17 21:48:08,12.6,37.4667,60.6,58,93,4.07
441,San Patricio,US,2022-01-17 21:48:08,28.017,-97.5169,75.61,23,0,10.33
442,Inuvik,CA,2022-01-17 21:48:09,68.3499,-133.7218,-21.14,76,20,4.61
443,Taunsa,PK,2022-01-17 21:48:09,30.7048,70.6505,58.59,33,31,7.16
444,Avera,US,2022-01-17 21:48:09,33.194,-82.5271,44.47,67,80,16.62
445,Eydhafushi,MV,2022-01-17 21:48:10,5.1033,73.0708,81.81,75,100,16.69
446,Portmore,JM,2022-01-17 21:48:10,17.9702,-76.8672,84.16,65,20,6.91
447,Bonga,ET,2022-01-17 21:48:10,7.2833,36.2333,61.63,91,100,0.36
448,Ashcroft,CA,2022-01-17 21:45:18,50.7165,-121.2859,55.74,100,81,3.76
449,Ciudad Bolivar,VE,2022-01-17 21:48:10,8.1222,-63.5497,86.67,42,4,12.01
450,Barcelos,PT,2022-01-17 21:48:11,41.5388,-8.6151,52.84,81,91,4.52
451,Jhinjhana,IN,2022-01-17 21:48:11,29.5167,77.2167,45.82,65,6,5.1
452,Paamiut,GL,2022-01-17 21:48:11,61.994,-49.6678,7.77,83,91,6.44
453,Boa Vista,BR,2022-01-17 21:48:12,2.8197,-60.6733,85.98,62,40,10.36
454,Aykhal,RU,2022-01-17 21:48:12,66.0,111.5,-6.59,90,100,18.48
455,Ahipara,NZ,2022-01-17 21:48:12,-35.1667,173.1667,72.12,58,4,8.03
456,Roblin,CA,2022-01-17 21:45:18,51.23,-101.3565,4.75,96,100,10.04
457,Mlimba,TZ,2022-01-17 21:48:13,-8.8,35.8167,72.64,88,100,1.63
458,Puerto Carreno,CO,2022-01-17 21:48:13,6.189,-67.4859,91.38,52,40,6.91
459,Mahajanga,MG,2022-01-17 21:48:13,-15.7167,46.3167,77.02,83,40,8.05
460,Hofn,IS,2022-01-17 21:49:13,64.2539,-15.2082,44.96,91,100,34.83
461,Atar,MR,2022-01-17 21:49:14,20.5169,-13.0499,69.51,12,12,12.46
462,Katobu,ID,2022-01-17 21:49:14,-4.9408,122.5276,74.98,92,100,1.74
463,La Ronge,CA,2022-01-17 21:45:18,55.1001,-105.2842,-5.55,77,100,11.5
464,Abasolo,MX,2022-01-17 21:49:14,20.45,-101.5167,74.52,22,2,3.69
465,Maneadero,MX,2022-01-17 21:49:15,31.7167,-116.5667,70.2,76,60,3.0
466,Pochutla,MX,2022-01-17 21:49:15,15.7432,-96.4661,82.81,49,1,8.34
467,Rio Branco,BR,2022-01-17 21:49:15,-9.9747,-67.81,75.81,100,40,3.44
468,Mackay,AU,2022-01-17 21:45:19,-21.15,149.2,86.68,65,75,9.22
469,Arlit,NE,2022-01-17 21:49:16,18.7369,7.3853,55.4,26,0,11.74
470,Poum,NC,2022-01-17 21:49:16,-20.2333,164.0167,80.64,70,45,10.54
471,Aklavik,CA,2022-01-17 21:49:16,68.2191,-135.0107,-21.17,68,20,11.5
472,Chapais,CA,2022-01-17 21:49:17,49.7834,-74.8492,8.38,95,100,8.68
473,Cayenne,GF,2022-01-17 21:49:17,4.9333,-52.3333,79.09,76,20,1.99
474,Derbent,RU,2022-01-17 21:45:25,42.0678,48.2899,30.81,66,8,9.08
475,San Pedro De Ycuamandiyu,PY,2022-01-17 21:49:17,-24.0917,-57.0764,103.08,16,85,7.45
476,Wad Rawah,SD,2022-01-17 21:49:18,15.1603,33.1397,64.89,20,0,15.5
477,Henties Bay,NA,2022-01-17 21:49:18,-22.116,14.2845,68.86,89,77,3.38
478,Lancut,PL,2022-01-17 21:49:18,50.0687,22.2291,32.97,76,40,18.41
479,Natal,BR,2022-01-17 21:47:32,-5.795,-35.2094,83.05,74,40,16.11
480,Gandajika,CD,2022-01-17 21:49:19,-6.75,23.95,66.61,98,100,3.09
481,Padang,ID,2022-01-17 21:49:19,-0.9492,100.3543,73.45,86,100,3.31
482,Jumla,NP,2022-01-17 21:49:19,29.2747,82.1838,37.74,62,96,3.33
483,Zuwarah,LY,2022-01-17 21:49:20,32.9312,12.082,54.91,62,1,7.58
484,Santa Helena,BR,2022-01-17 21:49:20,-2.2311,-45.3,75.38,95,99,2.57
485,Oyotun,PE,2022-01-17 21:49:20,-6.8519,-79.3036,76.59,68,87,7.23
486,Townsville,AU,2022-01-17 21:49:21,-19.25,146.8,85.08,70,20,6.91
487,Moron,AR,2022-01-17 21:49:21,-34.6534,-58.6198,78.49,82,100,10.0
488,Shibetsu,JP,2022-01-17 21:49:21,43.659,145.132,27.95,87,100,9.22
489,Thiruvananthapuram,IN,2022-01-17 21:49:21,8.4833,76.9167,80.58,74,20,0.0
490,Rosarito,MX,2022-01-17 21:49:22,32.3333,-117.0333,70.66,69,50,4.83
491,Fayetteville,US,2022-01-17 21:45:03,35.0527,-78.8784,44.82,44,0,7.0
492,Winchester,GB,2022-01-17 21:49:22,51.0651,-1.3187,38.91,93,0,0.0
493,Latung,PH,2022-01-17 21:49:23,5.5,120.8833,79.32,77,100,7.29
494,Gaurnadi,BD,2022-01-17 21:49:23,22.9667,90.2333,57.94,65,0,6.89
495,Black River,JM,2022-01-17 21:49:23,18.0264,-77.8487,80.98,68,25,6.04
496,Wajima,JP,2022-01-17 21:49:24,37.4,136.9,34.41,63,100,28.52
497,Chihuahua,MX,2022-01-17 21:46:23,28.5,-106.0,71.19,20,25,13.38
498,Milkovo,RU,2022-01-17 21:49:24,54.7167,158.6167,4.89,97,100,0.74
499,Buraydah,SA,2022-01-17 21:49:24,26.326,43.975,52.25,37,100,12.06
500,Cusuna,HN,2022-01-17 21:49:25,15.85,-85.2333,70.2,89,100,8.63
501,Tomatlan,MX,2022-01-17 21:49:25,19.9333,-105.25,83.93,55,4,9.01
502,Beyneu,KZ,2022-01-17 21:49:25,45.3167,55.2,23.58,84,10,5.41
503,Fukue,JP,2022-01-17 21:49:25,32.6881,128.8419,42.6,69,83,23.55
504,Mayo,US,2022-01-17 21:49:26,38.8876,-76.5119,37.44,56,100,15.01
505,Cooma,AU,2022-01-17 21:50:26,-36.2333,149.1333,60.57,100,100,9.22
506,Saint John,CA,2022-01-17 21:50:26,45.2727,-66.0677,38.43,93,100,31.07
507,Belur,IN,2022-01-17 21:50:27,13.1667,75.8667,60.44,90,63,4.92
508,Pauini,BR,2022-01-17 21:50:27,-7.7136,-66.9764,81.72,74,96,2.95
509,Bubaque,GW,2022-01-17 21:50:27,11.2833,-15.8333,78.31,79,2,15.73
510,San Jose,US,2022-01-17 21:49:17,37.3394,-121.895,66.06,59,75,1.99
511,Hualmay,PE,2022-01-17 21:50:27,-11.0964,-77.6139,73.89,79,43,9.01
512,Hamilton,US,2022-01-17 21:50:28,39.1834,-84.5333,28.76,82,100,4.0
513,Saint-Francois,FR,2022-01-17 21:50:28,46.4154,3.9054,34.48,97,100,2.3
514,Miri,MY,2022-01-17 21:50:28,4.4148,114.0089,73.54,100,40,3.44
515,Quzhou,CN,2022-01-17 21:50:28,28.9594,118.8686,46.24,96,100,5.21
516,Perth,AU,2022-01-17 21:50:10,-31.9333,115.8333,78.98,54,0,20.71
517,Houma,US,2022-01-17 21:50:29,29.5958,-90.7195,61.0,47,0,8.3
518,Kil,SE,2022-01-17 21:50:29,59.5072,13.314,30.09,55,0,6.91
519,Bisignano,IT,2022-01-17 21:50:29,39.5059,16.2772,50.68,83,1,4.47
520,Hessisch Oldendorf,DE,2022-01-17 21:50:30,52.1667,9.25,43.84,79,75,6.91
521,Lubango,AO,2022-01-17 21:50:30,-14.9172,13.4925,57.97,62,46,4.65
522,Saint-Joseph,RE,2022-01-17 21:50:30,-21.3667,55.6167,77.38,85,93,1.66
523,Sao Jose Da Coroa Grande,BR,2022-01-17 21:50:31,-8.8978,-35.1478,80.1,72,35,9.08
524,Larap,PH,2022-01-17 21:50:31,14.299,122.6504,72.48,77,97,9.82
525,Mindszent,HU,2022-01-17 21:50:31,46.5236,20.1904,35.67,55,51,15.57
526,Berlevag,NO,2022-01-17 21:50:31,70.8578,29.0864,26.55,63,75,31.07
527,Manaus,BR,2022-01-17 21:50:32,-3.1019,-60.025,77.5,94,75,2.3
528,Kyzyl-Suu,KG,2022-01-17 21:50:32,42.3414,78.0056,28.76,64,100,6.22
529,Muzhi,RU,2022-01-17 21:50:32,65.3667,64.6667,-4.61,91,100,4.29
530,Port Blair,IN,2022-01-17 21:50:32,11.6667,92.75,78.13,72,81,8.41
531,Lensk,RU,2022-01-17 21:47:07,60.7253,114.9278,-31.79,100,8,3.06
532,Jiuquan,CN,2022-01-17 21:50:33,39.7432,98.5174,25.47,27,0,4.79
533,Mul,IN,2022-01-17 21:50:33,20.0667,79.6667,61.27,60,1,4.83
534,Dawei,MM,2022-01-17 21:50:33,14.0833,98.2,69.03,74,99,3.53
535,Myrtle Beach,US,2022-01-17 21:48:34,33.6891,-78.8867,48.25,52,0,21.85
536,Camacha,PT,2022-01-17 21:50:34,33.0833,-16.3333,62.53,82,75,16.11
537,Korla,CN,2022-01-17 21:50:34,41.7597,86.1469,22.75,55,2,6.42
538,Gazimurskiy Zavod,RU,2022-01-17 21:50:34,51.5461,118.3266,-30.93,100,30,0.58
539,Prado,BR,2022-01-17 21:50:35,-17.3411,-39.2208,77.58,88,11,6.62
540,Kikwit,CD,2022-01-17 21:50:35,-5.041,18.8162,69.39,98,100,1.5
541,Bintulu,MY,2022-01-17 21:50:35,3.1667,113.0333,73.81,94,40,1.99
542,Comodoro Rivadavia,AR,2022-01-17 21:50:35,-45.8667,-67.5,58.86,36,20,11.5
543,Inirida,CO,2022-01-17 21:50:36,3.8653,-67.9239,83.53,73,85,1.52
544,Codrington,AU,2022-01-17 21:50:36,-38.2667,141.9667,61.68,68,99,12.3
545,Camapua,BR,2022-01-17 21:50:36,-19.5314,-54.0439,80.11,61,100,1.95
546,Abnub,EG,2022-01-17 21:50:36,27.2696,31.1511,50.22,48,2,7.96
547,Sembe,CG,2022-01-17 21:50:37,1.6481,14.5806,72.09,80,78,3.02
548,Mutsu,JP,2022-01-17 21:50:37,41.2894,141.2169,23.32,71,91,12.21
549,Skjervoy,NO,2022-01-17 21:51:37,70.0311,20.9714,29.98,65,100,27.25
550,Okhotsk,RU,2022-01-17 21:51:38,59.3833,143.3,-4.14,72,24,14.23
551,Huanren,CN,2022-01-17 21:51:38,41.2647,125.3667,0.54,92,43,2.13
552,La Seyne-Sur-Mer,FR,2022-01-17 21:51:38,43.0982,5.8847,39.87,50,0,3.27
553,Kaeo,NZ,2022-01-17 21:51:38,-35.1,173.7833,77.32,66,4,3.31
554,Galbshtadt,RU,2022-01-17 21:51:39,53.2264,78.9845,10.11,92,99,8.41
555,Dickson,US,2022-01-17 21:51:30,36.077,-87.3878,36.61,91,100,1.99
556,Palu,ID,2022-01-17 21:51:39,-0.8917,119.8707,73.33,96,94,2.46
557,Chibuto,MZ,2022-01-17 21:51:39,-24.6867,33.5306,71.83,84,28,4.23
558,Havoysund,NO,2022-01-17 21:51:40,70.9963,24.6622,26.83,79,100,26.13
559,Fare,PF,2022-01-17 21:51:40,-16.7,-151.0167,77.7,86,100,19.57
560,Bodaybo,RU,2022-01-17 21:51:40,57.8506,114.1933,-39.08,99,29,2.44
561,Sao Felix Do Xingu,BR,2022-01-17 21:48:33,-6.6447,-51.995,73.9,94,84,1.3
562,Maiduguri,NG,2022-01-17 21:51:40,11.8464,13.1603,63.09,32,96,8.16
563,Muros,ES,2022-01-17 21:51:41,42.7762,-9.0603,53.24,93,92,3.69
564,Morant Bay,JM,2022-01-17 21:51:41,17.8815,-76.4093,83.82,77,30,2.64
565,Kamaishi,JP,2022-01-17 21:51:41,39.2667,141.8833,27.34,65,60,13.38
566,Managua,NI,2022-01-17 21:51:41,12.1328,-86.2504,89.04,45,20,13.8
567,Salinopolis,BR,2022-01-17 21:51:42,-0.6136,-47.3561,78.39,87,100,8.84
568,Sola,VU,2022-01-17 21:51:42,-13.8833,167.55,81.57,77,26,12.77
569,Tunapuna,TT,2022-01-17 21:51:42,10.6333,-61.3833,82.42,66,40,8.05
570,Nizhniy Tsasuchey,RU,2022-01-17 21:51:43,50.5167,115.1333,-9.99,99,93,3.0
571,Ahuimanu,US,2022-01-17 21:51:43,21.4447,-157.8378,80.78,71,20,8.05
572,La Paz Centro,NI,2022-01-17 21:51:43,12.34,-86.6753,89.46,29,4,7.45
573,Mangrol,IN,2022-01-17 21:51:43,21.1167,70.1167,67.96,53,0,10.54
574,Deputatskiy,RU,2022-01-17 21:51:44,69.3,139.9,-35.19,97,38,5.88
575,Kirkwood,US,2022-01-17 21:51:44,38.5834,-90.4068,37.78,67,74,4.0
576,Emmett,US,2022-01-17 21:51:44,43.8735,-116.4993,35.65,75,100,1.99
577,Ostersund,SE,2022-01-17 21:51:44,63.1792,14.6357,28.85,86,75,12.66
578,Zeya,RU,2022-01-17 21:51:45,53.75,127.2667,-13.16,89,20,3.74
579,Alta Floresta,BR,2022-01-17 21:51:45,-9.8756,-56.0861,74.5,94,72,3.47
580,Garowe,SO,2022-01-17 21:51:45,8.4054,48.4845,68.2,78,22,8.79
